{
    "accuracy_score": 0.656,
    "precision_score": 0.6888888888888889,
    "recall_score": 0.5166666666666667,
    "f1_score": 0.5904761904761905
}